Stock,Date,Identified Price,Week Day 1 Close,Week Day 2 Close,Week Day 3 Close,Week Day 4 Close,Week Day 5 Close,Week Day 6 Close,Week Day 7 Close,1 Month Close Price,3 Month Close Price,1 Week Return (%),1 Month Return (%),3 Month Return (%)
APLLTD,2024-06-21,859.4590454101562,,,,,,,,1080.4000244140625,1189.300048828125,3.5667037392720897,25.70698163965072,38.377745301471585
IPCALAB,2024-06-28,1126.499267578125,,,,,,,,1281.658447265625,1496.536376953125,2.102319803404361,13.773571288783762,32.84841100434512
RHIM,2024-07-15,606.8772583007812,,,,,,,,594.4290161132812,596.25,-3.889077797546977,-2.05119602312242,-1.7511380028536436
RESPONIND,2024-07-22,290.5947570800781,,,,,,,,282.6976013183594,278.3999938964844,-0.051605672591307335,-2.717583703529297,-4.19648424015898
TATASTEEL,2024-07-26,162.5500030517578,,,,,,,,154.1999969482422,148.77999877929688,1.710242219073777,-5.136884618117716,-8.471242087935494
SKFINDIA,2024-07-31,5603.39990234375,,,,,,,,5249.14990234375,5038.39990234375,-3.4960899767623297,-6.322054577111778,-10.083163969140875
GRAPHITE,2024-08-06,500.1499938964844,,,,,,,,508.25,530.8499755859375,3.9188256208540952,1.6195153858568427,6.138154966329376
TATASTEEL,2024-08-07,153.86000061035156,,,,,,,,151.72000122070312,146.9499969482422,-1.1698966882993176,-1.3908744190557738,-4.491098163718892
SKFINDIA,2024-08-07,5416.4501953125,,,,,,,,5318.60009765625,5158.9501953125,-2.1739330327804565,-1.8065355376281562,-4.7540361438723355
JIOFIN,2024-08-07,329.75,,,,,,,,345.3500061035156,319.8500061035156,-0.18195787824583018,4.730858560580932,-3.0022725993887414
TEJASNET,2024-08-07,1290.449951171875,,,,,,,,1337.949951171875,1314.0,-2.991202839822214,3.6808866517345065,1.8249486395608665
ABCAPITAL,2024-08-07,211.52000427246094,,,,,,,,223.64999389648438,199.10000610351562,0.5058585683704037,5.734677278277038,-5.871784189710489
KIRLOSENG,2024-08-07,1165.800048828125,,,,,,,,1324.9000244140625,1125.449951171875,9.426994144855508,13.647278171403968,-3.461150794839163
INTELLECT,2024-08-07,943.75,,,,,,,,988.0,736.5999755859375,-1.5470172806291391,4.688741721854305,-21.949671461092716
OLECTRA,2024-08-13,1653.008544921875,,,,,,,,1617.1671142578125,1591.3499755859375,-2.7216591197129167,-2.168254409462623,-3.7300817061929727
EQUITASBNK,2024-08-14,78.52999877929688,,,,,,,,82.06999969482422,64.81999969482422,3.463646075364779,4.507832637914934,-17.458295298085588
ACC,2024-08-16,2337.89990234375,,,,,,,,2517.449951171875,2197.800048828125,-0.545361244389381,7.679971612476893,-5.9925514080040205
TATASTEEL,2024-08-16,149.52000427246094,,,,,,,,153.49000549316406,139.1699981689453,1.605132308658189,2.6551639294156524,-6.922154767100901
TATAINVEST,2024-08-16,6027.2001953125,,,,,,,,7026.5498046875,6620.5498046875,3.899817445425223,16.580660621696598,9.844531293924206
MEDANTA,2024-08-16,1125.75,,,,,,,,1123.300048828125,1032.550048828125,-4.099491398095714,-0.21762835193204533,-8.27892082361759
IRCTC,2024-08-16,916.21630859375,,,,,,,,932.2236938476562,797.4000244140625,1.0867821601983787,1.747118568373347,-12.96814770324838
INDUSINDBK,2024-08-16,1364.1500244140625,,,,,,,,1464.050048828125,1036.699951171875,1.4551167562719924,7.323243237632322,-24.00396344843638
SOUTHBANK,2024-08-16,24.687606811523438,,,,,,,,25.329999923706055,22.6299991607666,5.1944787991052745,2.602087424216297,-8.334577208984088
BSOFT,2024-08-16,598.0391845703125,,,,,,,,658.1268310546875,549.9000244140625,1.4067987892561484,10.047443049663645,-8.049499330188153
IDFCFIRSTB,2024-08-16,71.95999908447266,,,,,,,,73.41999816894531,63.619998931884766,2.3207312259480846,2.0289037007334967,-11.589772455107598
ELGIEQUIP,2024-08-19,632.9000244140625,,,,,,,,737.6500244140625,584.8499755859375,9.464364207342465,16.550797275916892,-7.592044078779998
LINDEINDIA,2024-08-19,7436.5498046875,,,,,,,,8081.60009765625,6816.9501953125,-1.7299676022159867,8.674053289633772,-8.331815501113784
UNIONBANK,2024-08-19,120.19000244140625,,,,,,,,124.12999725341797,113.9000015258789,5.7325894414615535,3.2781385572668604,-5.233381136333513
SKFINDIA,2024-08-20,5204.0,,,,,,,,5381.60009765625,4518.5498046875,1.0511182804093004,3.412761292395273,-13.171602523299386
USHAMART,2024-08-20,338.04998779296875,,,,,,,,347.3999938964844,380.79998779296875,-1.538228628080217,2.7658649433946527,12.64605873205394
RBLBANK,2024-08-20,218.72000122070312,,,,,,,,211.41000366210938,154.72999572753906,2.569492998272503,-3.342171505941733,-29.25658610827908
ASTRAL,2024-08-22,1954.254150390625,,,,,,,,1926.228515625,1729.1500244140625,-0.14314849227790183,-1.4340834205225104,-11.518672017739744
MOIL,2024-08-23,409.50933837890625,,,,,,,,381.1000061035156,289.79998779296875,-1.3465956200859064,-6.937407676184505,-29.232386020749097
GRINFRA,2024-08-30,1529.6500244140625,,,,,,,,1711.25,1607.0999755859375,4.5892818652270035,11.871995076488163,5.063246490094521
ADANIPOWER,2024-09-02,670.2000122070312,,,,,,,,653.2000122070312,554.7999877929688,-5.296926194181224,-2.536556205664248,-17.218744003605646
COCHINSHIP,2024-09-04,1920.6278076171875,,,,,,,,1665.5650634765625,1656.1500244140625,-5.617186915568875,-13.280175530576468,-13.770381859213387
HINDZINC,2024-09-05,495.70001220703125,,,,,,,,517.25,507.1499938964844,-1.775270948928585,4.347384963139421,2.3098610868443936
RRKABEL,2024-09-10,1574.6500244140625,,,,,,,,1734.550048828125,1482.699951171875,5.0931921333896355,10.154638931502404,-5.839397441752349
KIRLOSBROS,2024-09-12,1643.449951171875,,,,,,,,1770.0999755859375,2324.199951171875,-1.7828304863753202,7.706351162306689,41.42200981019141
PSB,2024-09-13,56.4900016784668,,,,,,,,52.15999984741211,53.58000183105469,-1.0090343292355783,-7.665076477958796,-5.151353798811022
FORCEMOT,2024-09-20,7251.60009765625,,,,,,,,6909.25,6700.7998046875,-2.5959787835079773,-4.7210283667862365,-7.595569054432154
SWANENERGY,2024-09-20,596.0499877929688,,,,,,,,540.25,781.8499755859375,-4.756308391333202,-9.36162887941376,31.17188014396945
HUDCO,2024-09-20,248.6573944091797,,,,,,,,213.01039123535156,245.8642578125,-5.616417416507635,-14.335790519532662,-1.123287165184167
COCHINSHIP,2024-09-20,1838.1331787109375,,,,,,,,1559.242919921875,1575.1500244140625,-5.35308603998662,-15.172472920849248,-14.307078363130476
IRCON,2024-09-20,232.60000610351562,,,,,,,,221.74000549316406,223.80999755859375,-2.7300111508551024,-4.668959727162887,-3.7790233509323277
TITAGARH,2024-09-20,1320.3499755859375,,,,,,,,1197.5,1289.5999755859375,-3.3400216913221863,-9.30434944200456,-2.328927978837879
TEXRAIL,2024-09-20,224.33999633789062,,,,,,,,203.66000366210938,225.02000427246094,-4.198982937825025,-9.218147906463363,0.30311489064398295
IRFC,2024-09-20,160.55384826660156,,,,,,,,146.8784637451172,153.35000610351562,-2.781385806976716,-8.517631105780932,-4.486869820226216
INOXINDIA,2024-09-23,1145.5999755859375,,,,,,,,1090.0999755859375,1092.4000244140625,1.7458100930711564,-4.8446230082724595,-4.643850585337604
ARE&M,2024-09-27,1386.230224609375,,,,,,,,1236.5196533203125,1194.75,1.4150759801120076,-10.79983458961511,-13.81301757890412
CONCOR,2024-09-27,907.5123291015625,,,,,,,,792.0379028320312,775.8499755859375,1.1467795195297068,-12.724281815967279,-14.508051217989598
SFL,2024-09-30,919.5499877929688,,,,,,,,824.75,987.4500122070312,-2.044476977058202,-10.309389272082988,7.384049297529846
CERA,2024-10-03,8146.5498046875,,,,,,,,7261.85009765625,7587.0,-2.1726989246190422,-10.859808486314003,-6.868549485397324
FINPIPE,2024-10-07,294.3999938964844,,,,,,,,304.0,248.60000610351562,1.715359516047592,3.2608717060269834,-15.557061393511013
SFL,2024-10-08,907.9000244140625,,,,,,,,853.7999877929688,1011.5,0.5727449093561735,-5.958809909274829,11.410945346410637
PATANJALI,2024-10-08,1682.634521484375,,,,,,,,1890.0999755859375,1864.8499755859375,3.159572790239683,12.329798982047631,10.82917601980595
VTL,2024-10-08,463.20001220703125,,,,,,,,478.3999938964844,509.70001220703125,1.273746489852708,3.2815158222965164,10.038859839065898
SWANENERGY,2024-10-08,547.5,,,,,,,,495.8999938964844,754.9000244140625,4.009134649686073,-9.42465864904395,37.881282998002284
HUDCO,2024-10-08,226.6986846923828,,,,,,,,227.62973022460938,243.56637573242188,-2.525340876392659,0.41069736839891163,7.440577373850915
COCHINSHIP,2024-10-08,1638.0001220703125,,,,,,,,1532.1763916015625,1598.25,1.080307280316119,-6.460544724196756,-2.4267471982890485
AZAD,2024-10-08,1401.449951171875,,,,,,,,1680.1500244140625,1885.449951171875,7.089093518692885,19.886551996319383,34.53566069878452
IRCON,2024-10-08,218.44000244140625,,,,,,,,218.88999938964844,216.60000610351562,3.5616181525102117,0.20600482659438418,-0.8423348824967078
GRSE,2024-10-08,1664.0999755859375,,,,,,,,1589.1500244140625,1642.9000244140625,5.05078120673192,-4.5039331934059295,-1.2739589858121594
UJJIVANSFB,2024-10-08,40.779998779296875,,,,,,,,38.33000183105469,34.45000076293945,-1.5448682498190873,-6.007839680186548,-15.522310460614886
CERA,2024-10-08,7969.5498046875,,,,,,,,7213.0498046875,7525.14990234375,-0.877087213918113,-9.49238060542698,-5.576223415811575
VOLTAMP,2024-10-08,12775.7001953125,,,,,,,,10778.2001953125,10219.5498046875,6.444263657576865,-15.635150868152788,-20.007908385036075
PFC,2024-10-08,462.4385986328125,,,,,,,,464.1261291503906,464.79998779296875,0.4293221993946093,0.3649199099225853,0.5106384214331664
RECLTD,2024-10-08,520.2832641601562,,,,,,,,528.7685546875,538.0499877929688,2.603726443431682,1.6308982263807288,3.4148174382452283
IRFC,2024-10-08,150.9960174560547,,,,,,,,153.1741180419922,153.6999969482422,0.3820254808287459,1.4424887640307507,1.7907621258782245
DATAPATTNS,2024-10-08,2377.14990234375,,,,,,,,2418.89990234375,2485.25,4.09524437479806,1.7563048909467849,4.5474665922274715
VSTIND,2024-10-09,365.79998779296875,,,,,,,,337.20001220703125,328.1000061035156,1.9546267503183155,-7.818473630492351,-10.306173577783202
MEDANTA,2024-10-09,1001.5,,,,,,,,1085.050048828125,1070.0,4.513225279268597,8.34249114609336,6.8397403894158755
KIOCL,2024-10-09,371.6000061035156,,,,,,,,389.6499938964844,429.1499938964844,1.4935381328876256,4.857370155139506,15.487079345455449
LEMONTREE,2024-10-09,121.04000091552734,,,,,,,,118.41000366210938,150.13999938964844,4.882680095846474,-2.1728331407180166,24.0416376850738
MANAPPURAM,2024-10-09,189.87208557128906,,,,,,,,152.78195190429688,179.27000427246094,-3.689167728871486,-19.5342741169114,-5.583801993288521
ZYDUSWELL,2024-10-09,1952.9000244140625,,,,,,,,2002.9000244140625,1950.4000244140625,-0.9857135418786053,2.5602949139704028,-0.12801474569852014
NETWORK18,2024-10-09,77.37999725341797,,,,,,,,83.80999755859375,68.94999694824219,2.2227982447067745,8.309641423374128,-10.89428871077327
PURVA,2024-10-09,393.6499938964844,,,,,,,,441.79998779296875,363.6000061035156,-2.108468924592781,12.231676525605655,-7.6336817627058835
SONATSOFTW,2024-10-11,607.7000122070312,,,,,,,,619.8499755859375,613.4500122070312,3.2334972822432495,1.9993357141429513,0.946190535543562
TEXRAIL,2024-10-11,196.3699951171875,,,,,,,,219.1999969482422,193.3000030517578,7.129398761580269,11.626013341514039,-1.563371259238262
RAYMOND,2024-10-14,1683.9000244140625,,,,,,,,1557.8499755859375,1601.050048828125,1.0659748744953517,-7.485601698472921,-4.920124377025671
TITAGARH,2024-10-14,1120.5999755859375,,,,,,,,1144.0999755859375,1039.6500244140625,6.86239747362596,2.09709088987909,-7.223804473987074
EQUITASBNK,2024-10-14,74.11000061035156,,,,,,,,64.91999816894531,68.2300033569336,-5.141003275152552,-12.400488956577616,-7.934148164878925
DABUR,2024-10-16,575.3246459960938,,,,,,,,508.1000061035156,510.75,-1.7464982141642813,-11.684644549893758,-11.224036106482425
TATAMOTORS,2024-10-18,910.1500244140625,,,,,,,,774.2999877929688,763.5999755859375,-3.5708398756482915,-14.92611470384253,-16.10174640411301
SRF,2024-10-18,2325.699951171875,,,,,,,,2235.199951171875,2491.699951171875,-3.332330121129738,-3.8913016253192425,7.137636130419827
HAPPYFORGE,2024-10-18,1124.3499755859375,,,,,,,,1081.3499755859375,985.4500122070312,-3.1573798880103796,-3.8244319770266566,-12.353801431491178
BORORENEW,2024-10-18,458.20001220703125,,,,,,,,442.3999938964844,576.7999877929688,-5.565255198744556,-3.44827976639334,25.883887478455534
YESBANK,2024-10-18,21.09000015258789,,,,,,,,19.309999465942383,17.969999313354492,-5.0734930634551105,-8.44002216105764,-14.793744981792011
GLAND,2024-10-21,1675.300048828125,,,,,,,,1783.0,1679.199951171875,-4.145530425476196,6.428696235472045,0.23278829046044547
BAJFINANCE,2024-10-23,6995.7998046875,,,,,,,,6465.64990234375,7440.10009765625,-1.2071487090677597,-7.578117115194259,6.350957794290352
LICHSGFIN,2024-10-23,600.5999755859375,,,,,,,,611.25,569.9000244140625,2.972034190257748,1.773230910253114,-5.111547189445775
SRF,2024-10-23,2248.199951171875,,,,,,,,2143.64990234375,2612.10009765625,0.4025464382475259,-4.650389249124761,16.186289226396074
GABRIEL,2024-10-23,431.18719482421875,,,,,,,,420.3999938964844,462.8999938964844,0.25406355177122575,-2.501744267273979,7.354763650899679
MSUMI,2024-10-23,63.939998626708984,,,,,,,,61.4900016784668,56.36000061035156,-2.564903698579965,-3.831712544358385,-11.85486108720545
DMART,2024-10-23,4156.10009765625,,,,,,,,3622.89990234375,3614.699951171875,-4.056690014548222,-12.82933959201771,-13.0266387662243
HAPPYFORGE,2024-10-23,1088.8499755859375,,,,,,,,1066.0,990.1500244140625,1.1250402052319437,-2.0985421406324924,-9.06460516920727
J&KBANK,2024-10-23,94.12000274658203,,,,,,,,94.41999816894531,97.95999908447266,3.1874202214777823,0.31873715853049694,4.079893992597737
IOB,2024-10-23,52.560001373291016,,,,,,,,49.810001373291016,52.52000045776367,-2.8158285836506987,-5.2321155406161095,-0.07610524064345
TCS,2024-10-23,4002.447509765625,,,,,,,,4008.944091796875,4077.800048828125,0.6049826079928511,0.16231523375132098,1.882661518449557
EQUITASBNK,2024-10-23,70.0999984741211,,,,,,,,63.650001525878906,72.73999786376953,-0.784586924871794,-9.201137073666759,3.7660477134290513
SONACOMS,2024-10-23,644.0999755859375,,,,,,,,683.9000244140625,566.2999877929688,7.25818999720836,6.179172541020345,-12.078868303355257
BAJAJELEC,2024-10-24,868.2999877929688,,,,,,,,750.6500244140625,680.5999755859375,-0.6103867174339338,-13.549460443728334,-21.61695437588617
AARTIIND,2024-10-24,504.8500061035156,,,,,,,,430.8500061035156,453.04998779296875,1.9807803033623135,-14.657818976994697,-10.260476910824416
ATGL,2024-10-24,754.9500122070312,,,,,,,,609.0999755859375,666.2999877929688,-5.834821786967379,-19.319164747704782,-11.742502547274858
ADANIPOWER,2024-10-24,604.8499755859375,,,,,,,,460.45001220703125,528.75,-2.0748926675265507,-23.87368260022188,-12.581628280999272
GLAND,2024-10-24,1641.949951171875,,,,,,,,1755.050048828125,1659.199951171875,-1.0079434361565445,6.88815743595165,1.0505801341684327
ITC,2024-10-25,482.29998779296875,,,,,,,,474.6499938964844,437.0,1.917893475869346,-1.5861484740008325,-9.39249200487522
GODREJCP,2024-10-25,1286.2838134765625,,,,,,,,1192.300048828125,1153.0,0.68151641649514,-7.306611780678369,-10.361928843396043
BAJAJELEC,2024-10-28,855.6500244140625,,,,,,,,766.75,666.0999755859375,1.9751023078015004,-10.38976472593921,-22.152754446296697
DABUR,2024-10-28,550.8511962890625,,,,,,,,525.3499755859375,521.6500244140625,-2.013729196181425,-4.629420953411723,-5.301099838163283
ARVIND,2024-10-28,372.3500061035156,,,,,,,,373.75,373.3500061035156,0.24170642721412258,0.37598868632626475,0.26856451822428434
MAHSEAMLES,2024-10-28,584.4000244140625,,,,,,,,650.0499877929688,648.4500122070312,9.300132326385588,11.233737275204417,10.95995638555752
RELIANCE,2024-10-28,1334.3499755859375,,,,,,,,1295.699951171875,1246.300048828125,0.3222579463260206,-2.8965432698487192,-6.598713108916435
AMBUJACEM,2024-10-28,569.4000244140625,,,,,,,,493.70001220703125,551.7999877929688,2.29188395388598,-13.294697745215215,-3.0909792529785993
TATAMOTORS,2024-10-28,878.4500122070312,,,,,,,,783.0,734.0999755859375,-3.9842904563306303,-10.865730648374763,-16.432356379440023
LICI,2024-10-28,915.4000244140625,,,,,,,,907.2000122070312,821.25,1.633160451513457,-0.8957845737747263,-10.28512365119576
SYRMA,2024-10-28,432.1499938964844,,,,,,,,545.9000244140625,460.8999938964844,17.783178801090994,26.32188641076908,6.652782692596004
TMB,2024-10-28,431.6499938964844,,,,,,,,448.8500061035156,439.1499938964844,4.204794197411015,3.9847127186931113,1.7375188476890384
ACI,2024-10-28,651.7999877929688,,,,,,,,708.5499877929688,565.5999755859375,-0.32218097963581355,8.706658647257525,-13.224917738785072
AARTIIND,2024-10-28,510.6000061035156,,,,,,,,451.3500061035156,439.04998779296875,2.967096301485936,-11.603995160937787,-14.012929388026937
HUDCO,2024-10-28,202.11521911621094,,,,,,,,210.86106872558594,217.7448272705078,7.487990742440089,4.327160343302187,7.733018929816591
ZYDUSWELL,2024-10-28,1842.6500244140625,,,,,,,,1931.9000244140625,1796.25,5.77700321610039,4.84356762366637,-2.518113792597
BANKINDIA,2024-10-28,100.19000244140625,,,,,,,,107.79000091552734,98.37000274658203,9.971052620356952,7.585585676141463,-1.816548208878029
ENGINERSIN,2024-10-28,180.14999389648438,,,,,,,,184.00999450683594,167.22000122070312,8.898140062390365,2.1426593067605375,-7.177348384042093
ZYDUSLIFE,2024-10-28,1006.2999877929688,,,,,,,,953.0,957.5999755859375,-0.22855886126095615,-5.2966300744837564,-4.839512351961844
UNIONBANK,2024-10-28,112.87000274658203,,,,,,,,121.4000015258789,107.30000305175781,4.412151684553643,7.557365616840285,-4.934880445896765
CANBK,2024-10-28,100.69000244140625,,,,,,,,101.79000091552734,96.75,3.2475882051639537,1.0924604702052791,-3.913002627742536
MAHABANK,2024-10-28,49.810001373291016,,,,,,,,55.16999816894531,49.650001525878906,11.28287246925937,10.760884657450381,-0.32122032322991273
YESBANK,2024-10-28,20.540000915527344,,,,,,,,20.139999389648438,18.239999771118164,0.827644407828635,-1.947427010952675,-11.197668168897106
REDINGTON,2024-10-28,168.5800018310547,,,,,,,,197.9600067138672,223.27999877929688,14.645866753608031,17.42793010066293,32.44750050665009
IRFC,2024-10-28,142.70126342773438,,,,,,,,146.69000244140625,140.67999267578125,10.196555415004378,2.7951672731277672,-1.4164350780094674
ANURAS,2024-10-28,717.8499755859375,,,,,,,,732.6500244140625,686.5499877929688,2.396045523717114,2.0617189289509437,-4.360240838264355
KPIL,2024-10-29,1241.5999755859375,,,,,,,,1152.6500244140625,1055.0999755859375,4.1921754068625425,-7.164139249430769,-15.020941017012076
POONAWALLA,2024-10-29,339.54998779296875,,,,,,,,362.6499938964844,317.0,11.397441790110596,6.8031238209321385,-6.641139332544458
SBILIFE,2024-10-29,1661.3499755859375,,,,,,,,1505.4000244140625,1440.4000244140625,-1.9562404356455751,-9.386941551365382,-13.299422422656532
JINDWORLD,2024-10-29,289.5,,,,,,,,318.0,413.79998779296875,6.943007289642702,9.844559585492227,42.936092501889036
BORORENEW,2024-10-29,422.04998779296875,,,,,,,,441.8999938964844,518.3499755859375,8.387637824415133,4.703235796147634,22.817199520974157
SUNTV,2024-10-29,736.8662109375,,,,,,,,752.0499877929688,640.4500122070312,1.6177915740619255,2.0605880185699843,-13.084627480448638
JYOTHYLAB,2024-10-29,505.29998779296875,,,,,,,,407.6499938964844,368.54998779296875,4.462693120469244,-19.32515263319054,-27.063131467168994
NHPC,2024-10-29,80.66999816894531,,,,,,,,82.98999786376953,76.87999725341797,4.289077926128695,2.875913905397019,-4.698154210429053
DABUR,2024-10-30,543.8375244140625,,,,,,,,526.0,523.8499755859375,-2.140314160099499,-3.2799363069477185,-3.675279459551792
MRPL,2024-10-30,148.6999969482422,,,,,,,,154.5500030517578,126.93000030517578,-0.7531910828332669,3.934099679606469,-14.64021324132499
TITAN,2024-10-30,3308.449951171875,,,,,,,,3212.35009765625,3319.35009765625,-2.613004653168589,-2.9046790773300284,0.3294638469750493
MSUMI,2024-10-30,62.52000045776367,,,,,,,,63.810001373291016,54.7400016784668,5.166345999018991,2.0633411805536106,-12.444015870653697
ETHOSLTD,2024-10-30,2832.60009765625,,,,,,,,3216.199951171875,2453.60009765625,0.24535588972215064,13.542322964439037,-13.379933168596308
SCI,2024-10-30,217.3000030517578,,,,,,,,235.2100067138672,184.91000366210938,-1.8499789305126833,8.2420632354264,-14.905659887143946
ITI,2024-10-30,228.64999389648438,,,,,,,,295.6700134277344,327.1499938964844,-3.262624821435793,29.31118360824958,43.078942763756835
CREDITACC,2024-10-30,983.5,,,,,,,,986.2999877929688,923.7999877929688,-2.8978139298423997,0.2846962677141586,-6.0701588415893495
BALAMINES,2024-10-30,2125.85009765625,,,,,,,,2043.3499755859375,1624.550048828125,-0.6961943762846711,-3.8808061848419553,-23.581156986600718
EMAMILTD,2024-10-30,663.5453491210938,,,,,,,,669.2000122070312,535.0499877929688,1.1906607047933562,0.8521893934495126,-19.364970532658386
OLAELEC,2024-10-30,79.83000183105469,,,,,,,,92.98999786376953,68.08000183105469,1.2651816155201934,16.48502534243394,-14.718777064375727
MARICO,2024-10-30,651.1500244140625,,,,,,,,644.8499755859375,656.6500244140625,-2.4879077938465617,-0.9675264673135965,0.8446594169982833
JBMA,2024-10-30,792.5750122070312,,,,,,,,772.7249755859375,689.7750244140625,0.34697031292246483,-2.504499424706649,-12.97037961198252
RTNINDIA,2024-10-30,66.06999969482422,,,,,,,,65.47000122070312,53.060001373291016,8.929925159877214,-0.9081254380088886,-19.69123411779337
CHEMPLASTS,2024-10-30,459.29998779296875,,,,,,,,499.3500061035156,459.70001220703125,3.4617950874471823,8.71979520465382,0.08709436636057838
SFL,2024-10-31,832.1500244140625,,,,,,,,840.75,892.7999877929688,2.0669291194200126,1.0334645597100063,7.2883448416181205
CIPLA,2024-10-31,1551.75,,,,,,,,1533.9000244140625,1420.5999755859375,3.1867215190510714,-1.1503125881061704,-8.451749599746254
HEROMOTOCO,2024-10-31,4989.5498046875,,,,,,,,4761.7001953125,4026.35009765625,-3.3840650155725864,-4.566536427012786,-19.304340967322524
HMT,2024-10-31,70.93000030517578,,,,,,,,62.47999954223633,62.83000183105469,0.803608758454532,-11.913154837985887,-11.419707372438902
ONGC,2024-10-31,259.7789611816406,,,,,,,,256.70001220703125,248.67999267578125,0.46965398980339,-1.1852187569787593,-4.272466274933959
DELHIVERY,2024-11-01,364.6499938964844,,,,,,,,335.95001220703125,323.45001220703125,-2.632663174057489,-7.870555922071502,-11.298500583863671
ADANIGREEN,2024-11-01,1632.6500244140625,,,,,,,,1323.9000244140625,987.6500244140625,5.4206350826327,-18.910972675286395,-39.506323483594244
TCS,2024-11-01,3921.684814453125,,,,,,,,4203.83740234375,4099.7998046875,3.9016645540766697,7.194677829558592,4.541797688022845
MOIL,2024-11-01,334.6000061035156,,,,,,,,315.75,301.25,2.4357423035918897,-5.633594070432854,-9.96712656759429
CRAFTSMAN,2024-11-01,5203.0,,,,,,,,5099.2998046875,4304.7998046875,-3.284641597996348,-1.9930846687007495,-17.26312118609456
TITAN,2024-11-05,3230.25,,,,,,,,3364.449951171875,3490.25,-1.362123674638186,4.1544756960568066,8.048912622862007
TATAMOTORS,2024-11-05,835.6500244140625,,,,,,,,788.0999755859375,716.0999755859375,-3.6139545652747107,-5.690186972885682,-14.306234109422853
SUPREMEIND,2024-11-05,4362.35009765625,,,,,,,,4715.35009765625,3968.800048828125,5.398466302063343,8.091968597148027,-9.021514551057393
CHOLAFIN,2024-11-05,1283.0,,,,,,,,1292.25,1285.8499755859375,-1.738117601568589,0.7209664848012471,0.22213371675272797
ICICIGI,2024-11-05,1916.050048828125,,,,,,,,1950.8499755859375,1858.5,-0.30792642486927796,1.8162326594285194,-3.0035775351130924
MARUTI,2024-11-05,11170.099609375,,,,,,,,11129.849609375,12310.650390625,1.1897869783852015,-0.36033698362204764,10.210748526295525
ASTRAL,2024-11-05,1768.215576171875,,,,,,,,1836.5,1507.300048828125,1.0764281003080243,3.8617702925091515,-14.755866358140732
BAJAJ-AUTO,2024-11-05,9874.849609375,,,,,,,,8999.150390625,8847.7998046875,0.36001339419132766,-8.867975244085006,-10.400662747435039
JUBLFOOD,2024-11-05,591.9500122070312,,,,,,,,660.1500244140625,703.9000244140625,2.584675644472774,11.521245172840484,18.91207194837887
MOIL,2024-11-05,330.20001220703125,,,,,,,,342.8999938964844,306.3500061035156,-1.3628103675473389,3.8461481586773525,-7.2228967964307556
CHENNPETRO,2024-11-06,665.7000122070312,,,,,,,,630.1500244140625,541.4500122070312,-5.190023608144952,-5.340241421223346,-18.664563274990375
KSB,2024-11-06,819.9000244140625,,,,,,,,843.7000122070312,702.5499877929688,1.268442867328676,2.9027914482594745,-14.312725103887802
MRF,2024-11-06,121610.53125,,,,,,,,130761.5,113632.5,1.1775424465962934,7.524816030272871,-6.560312801856953
SCHAEFFLER,2024-11-06,3535.35009765625,,,,,,,,3616.39990234375,3425.800048828125,-0.6095591167169424,2.292553847530736,-3.0987043942479953
BERGEPAINT,2024-11-06,525.1500244140625,,,,,,,,482.8999938964844,472.75,-6.540994958425431,-8.04532582183895,-9.978105679901276
HAVELLS,2024-11-06,1670.89990234375,,,,,,,,1742.2681884765625,1566.199951171875,-1.9938541842306974,4.271248447181373,-6.266081590226542
IOC,2024-11-06,144.61000061035156,,,,,,,,139.44000244140625,128.49000549316406,-3.582053739511231,-3.5751318353671526,-11.147220143247539
KPITTECH,2024-11-06,1488.050048828125,,,,,,,,1493.0999755859375,1409.199951171875,-5.416491046099189,0.3393653836972378,-5.298887474809489
GAIL,2024-11-06,208.9199981689453,,,,,,,,208.8699951171875,177.1199951171875,-2.867128827140896,-0.02393406672221824,-15.221138871560974
PNCINFRA,2024-11-06,331.3500061035156,,,,,,,,309.6000061035156,319.0,-2.8972403581355386,-6.564056013086408,-3.727178474732671
GUJGASLTD,2024-11-06,527.8499755859375,,,,,,,,502.1499938964844,486.0,-1.9323579887547764,-4.868804182651515,-7.928384488316424
INDIGO,2024-11-06,4061.949951171875,,,,,,,,4368.5498046875,4324.35009765625,-1.2395488403568105,7.548095304009611,6.459955185037974
CROMPTON,2024-11-06,402.45001220703125,,,,,,,,405.20001220703125,343.3999938964844,-2.9568950312121753,0.6833146767517863,-14.672634245112146
MGL,2024-11-06,1434.699951171875,,,,,,,,1292.9000244140625,1379.8499755859375,-2.3140693038120617,-9.883594590073635,-3.8230973341245034
STARHEALTH,2024-11-07,498.8500061035156,,,,,,,,488.54998779296875,433.25,-5.372360024585355,-2.064752567810841,-13.150246627420723
TITAN,2024-11-08,3186.25,,,,,,,,3470.10009765625,3490.25,0.05021883581796783,8.908594669478227,9.540996469203609
HINDUNILVR,2024-11-08,2507.699951171875,,,,,,,,2483.800048828125,2468.800048828125,-1.7047494051280925,-0.9530606854532704,-1.5512183714631274
SHOPERSTOP,2024-11-11,645.3499755859375,,,,,,,,614.5499877929688,573.2000122070312,-3.0990936323877984,-4.772602302340569,-11.17997460422906
CERA,2024-11-12,7065.89990234375,,,,,,,,7832.7001953125,6688.2001953125,-0.803858043172386,10.852125045168037,-5.345387172920005
BALKRISIND,2024-11-14,2734.69775390625,,,,,,,,2850.677978515625,2771.25,1.1300898233262109,4.241061903228922,1.3366100894162314
DMART,2024-11-14,3823.85009765625,,,,,,,,3652.300048828125,3664.64990234375,-1.8672318386156992,-4.486317309699799,-4.163348228793761
AUBANK,2024-11-14,573.9000244140625,,,,,,,,584.5499877929688,600.9500122070312,2.979608792210132,1.8557175336905751,4.7133623701421
MIDHANI,2024-11-14,320.29998779296875,,,,,,,,376.29998779296875,328.1499938964844,-0.5619693604647286,17.48360978277543,2.4508293483262973
CERA,2024-11-14,7009.10009765625,,,,,,,,7683.4501953125,6688.2001953125,1.7712673612018195,9.621065304542357,-4.578332423174477
INDIGO,2024-11-14,3891.199951171875,,,,,,,,4432.89990234375,4324.35009765625,3.975636130579348,13.921154347484418,11.131531453528297
GODREJIND,2024-11-18,1023.7999877929688,,,,,,,,1101.699951171875,890.5499877929688,0.4053490357870027,7.60890450358738,-13.015237506229157
NESTLEIND,2024-11-18,2213.199951171875,,,,,,,,2202.949951171875,2313.199951171875,1.5407599136351968,-0.4631303192724494,4.5183445782678
CHOLAFIN,2024-11-18,1242.800048828125,,,,,,,,1246.800048828125,1285.8499755859375,-2.767945209408332,0.3218538656939807,3.4639463362111726
MUTHOOTFIN,2024-11-18,1885.6500244140625,,,,,,,,2104.89990234375,2258.800048828125,2.2114364082397864,11.627283700103158,19.78893323696232
EQUITASBNK,2024-11-18,65.69000244140625,,,,,,,,64.08999633789062,66.5,-3.5012984720305873,-2.4356919531899672,1.23306063097843
INDUSTOWER,2024-11-18,323.1499938964844,,,,,,,,345.8500061035156,347.20001220703125,2.1507078255608967,7.0246054884045,7.442370033975891
PNCINFRA,2024-11-18,302.3999938964844,,,,,,,,327.95001220703125,319.0,-4.844574798999258,8.449080299681816,5.4894201185725
KAJARIACER,2024-11-19,1165.550048828125,,,,,,,,1146.25,991.4000244140625,0.6005748107546293,-1.655874738929468,-14.941445422198521
TRENT,2024-11-19,6423.85009765625,,,,,,,,7113.75,5753.2001953125,3.5640574351942393,10.739663781934464,-10.43999925509528
WESTLIFE,2024-11-19,722.8499755859375,,,,,,,,836.2000122070312,725.8499755859375,-2.4555579441794912,15.680990585800734,0.41502387788949147
DELHIVERY,2024-11-19,344.25,,,,,,,,370.3999938964844,321.04998779296875,0.46478027698347857,7.596221901665759,-6.739291853894336
CEIGALL,2024-11-19,317.20001220703125,,,,,,,,366.20001220703125,305.70001220703125,1.8915509990850499,15.447666492527908,-3.625472748246346
CRAFTSMAN,2024-11-19,5009.25,,,,,,,,5663.7001953125,4177.2001953125,4.0195657564755205,13.064833963417676,-16.61026709961571
PTCIL,2024-11-19,11721.400390625,,,,,,,,11595.7998046875,14203.4501953125,1.422178350663025,-1.0715493179292617,21.175369170672568
FIVESTAR,2024-11-21,641.75,,,,,,,,767.25,789.2999877929688,-0.3272264255453837,19.555901830931045,22.991817342106543
BATAINDIA,2024-11-22,1301.449951171875,,,,,,,,1342.25,1296.800048828125,5.290260881277437,3.134968716344957,-0.35728629745331747
DABUR,2024-11-22,513.0,,,,,,,,502.54998779296875,529.8499755859375,2.8265107212475633,-2.0370394165752925,3.284595630787037
KANSAINER,2024-11-22,267.25,,,,,,,,262.20001220703125,233.10000610351562,3.049576762014733,-1.8896118963400372,-12.778295190452527
RELIANCE,2024-11-22,1265.4000244140625,,,,,,,,1205.300048828125,1265.0999755859375,2.196927945428571,-4.749484307443925,-0.02371177669796049
RAYMOND,2024-11-22,1652.300048828125,,,,,,,,1727.300048828125,1511.4000244140625,-1.2467528322631465,4.539127142990336,-8.527508336878295
TATAMOTORS,2024-11-22,791.0,,,,,,,,724.0499877929688,716.0999755859375,-0.891275321487832,-8.463971201900284,-9.469029635153287
HINDUNILVR,2024-11-22,2445.25,,,,,,,,2333.89990234375,2468.800048828125,1.7032983271137918,-4.553730606533074,0.9630937052704223
TATACONSUM,2024-11-22,945.2000122070312,,,,,,,,889.4500122070312,1024.6500244140625,1.5710934610826948,-5.898222522217746,8.405629621345051
CASTROLIND,2024-11-22,198.67999267578125,,,,,,,,200.63999938964844,177.3800048828125,-0.09562471794893851,0.9865143880217734,-10.72075124732234
ITC,2024-11-22,474.6499938964844,,,,,,,,464.6499938964844,447.5,0.4845714400342923,-2.106815575390249,-5.720003001286348
MOTHERSON,2024-11-22,165.22999572753906,,,,,,,,156.05999755859375,141.25999450683594,-0.9864974073540845,-5.549838652823338,-14.507051891612448
ICICIGI,2024-11-22,1837.5,,,,,,,,1902.1500244140625,1858.5,1.4285714285714286,3.518368675595238,1.1428571428571428
SHAREINDIA,2024-11-22,273.1000061035156,,,,,,,,296.3999938964844,246.60000610351562,6.060046658034733,8.531668719237281,-9.703405129165562
IEX,2024-11-22,161.7142333984375,,,,,,,,175.9315185546875,174.60000610351562,5.272518556149289,8.791610272931837,7.968236582694415
NIACL,2024-11-22,174.94000244140625,,,,,,,,214.10000610351562,181.85000610351562,9.174575756127327,22.384819432722644,3.949927727035322
CREDITACC,2024-11-22,890.5499877929688,,,,,,,,813.9000244140625,1082.8499755859375,10.39245287312096,-8.607036598682825,21.59339626398084
AKUMS,2024-11-22,640.0999755859375,,,,,,,,572.7999877929688,566.5499877929688,-0.13278794225221546,-10.513980684245986,-11.49039065743476
OLAELEC,2024-11-22,69.13999938964844,,,,,,,,93.66999816894531,74.80000305175781,27.42261968736917,35.47873733850434,8.186294058539989
INDIAMART,2024-11-22,2278.85009765625,,,,,,,,2249.949951171875,2066.39990234375,3.8747526561011854,-1.2681898872636774,-9.32269285860446
MARICO,2024-11-22,599.1500244140625,,,,,,,,627.9500122070312,670.6500244140625,8.470332626562247,4.806807413741431,11.933572074861095
ROUTE,2024-11-22,1406.148193359375,,,,,,,,1364.90234375,1197.0,4.46193760902482,-2.9332505495623553,-14.873837220507111
GODREJCP,2024-11-22,1192.300048828125,,,,,,,,1069.5999755859375,1121.25,5.812289182234394,-10.291039857189105,-5.959074554929181
BHARTIARTL,2024-11-22,1569.300048828125,,,,,,,,1578.0999755859375,1626.300048828125,0.5320827965418624,0.5607548896964507,3.6321925843668175
GPPL,2024-11-22,178.9499969482422,,,,,,,,184.33999633789062,151.75999450683594,2.5984963590797725,3.0120142394902585,-15.194189944172187
COALINDIA,2024-11-22,408.0281982421875,,,,,,,,376.4443359375,395.8999938964844,0.7487060094831308,-7.740607742492521,-2.972393672288394
BALRAMCHIN,2024-11-25,536.0999755859375,,,,,,,,523.2000122070312,487.3500061035156,9.140086221127843,-2.406260765971322,-9.093447435646674
WHIRLPOOL,2024-11-25,1789.449951171875,,,,,,,,1893.0999755859375,1139.800048828125,3.327840982036232,5.792284067301473,-36.30444662161729
ONGC,2024-11-25,257.8999938964844,,,,,,,,238.9499969482422,262.6099853515625,-0.4652895377480204,-7.347808218967355,1.8262859893547017
SPLPETRO,2024-11-25,713.4500122070312,,,,,,,,699.3499755859375,612.5,0.12614245756647288,-1.976317384518056,-14.149556448215078
BPCL,2024-11-25,290.80401611328125,,,,,,,,286.3421936035156,261.1000061035156,-1.500587780586261,-1.5343056706711866,-10.214442842561905
SANOFI,2024-11-25,6210.0,,,,,,,,6135.35009765625,5525.14990234375,2.9066022544283414,-1.2020918251811594,-11.028181926831722
GMRP&UI,2024-11-25,104.7300033569336,,,,,,,,99.44999694824219,106.55999755859375,9.538811747883086,-5.041541334336114,1.747344736945435
FIVESTAR,2024-11-25,649.1500244140625,,,,,,,,768.0499877929688,789.2999877929688,1.024410864793336,18.31625339400211,21.589764785945864
IOC,2024-11-25,136.39999389648438,,,,,,,,138.27000427246094,128.49000549316406,1.6349054883539862,1.3709754103037102,-5.7991119921334455
OLECTRA,2024-11-25,1491.949951171875,,,,,,,,1462.550048828125,1466.199951171875,6.994208993021958,-1.9705689403761428,-1.7259292096074847
JBMA,2024-11-25,738.7750244140625,,,,,,,,810.7000122070312,801.5499877929688,6.135149358605232,9.735709169379938,8.497169138696094
CIEINDIA,2024-11-25,464.54998779296875,,,,,,,,481.1499938964844,464.45001220703125,3.3903778740425112,3.5733519620526994,-0.02152095330202766
TORNTPOWER,2024-11-25,1614.4000244140625,,,,,,,,1502.0999755859375,1463.449951171875,-6.423443488228692,-6.956147617061867,-9.350227388467365
BRITANNIA,2024-11-26,5013.60009765625,,,,,,,,4744.10009765625,5129.64990234375,-1.4450732787078273,-5.37537886450069,2.314700064365939
CHOLAHLDNG,2024-11-26,1532.550048828125,,,,,,,,1399.699951171875,1518.800048828125,6.4761343406626235,-8.668565033672783,-0.8971974527366354
GMMPFAUDLR,2024-11-26,1225.6500244140625,,,,,,,,1211.4000244140625,1189.75,-0.3263574364886298,-1.1626483674907437,-2.9290599844131657
SBILIFE,2024-11-26,1506.75,,,,,,,,1387.0,1483.5999755859375,-4.579392732702837,-7.9475692716110835,-1.5364210661398707
UJJIVANSFB,2024-11-26,33.459999084472656,,,,,,,,33.779998779296875,35.91999816894531,6.4554689375782806,0.9563649240286943,7.352059628759033
CENTURYPLY,2024-11-26,726.25,,,,,,,,766.3499755859375,804.6500244140625,-0.158351038080895,5.521511268287436,10.795184084552496
TANLA,2024-11-26,698.8992309570312,,,,,,,,663.79833984375,552.5999755859375,-0.6091907396580054,-5.022310736444247,-20.932811039262443
PNCINFRA,2024-11-26,300.29998779296875,,,,,,,,308.1000061035156,319.0,-1.4152514727806158,2.5974088004040556,6.227110545180346
AMBUJACEM,2024-11-27,515.0,,,,,,,,548.7999877929688,512.7999877929688,4.621356853003641,6.563104425819175,-0.4271868363167476
ATGL,2024-11-27,694.0499877929688,,,,,,,,672.0,643.0999755859375,11.310424519943384,-3.177002835643899,-7.340971558698356
ADANIPORTS,2024-11-27,1199.949951171875,,,,,,,,1243.949951171875,1099.3499755859375,1.3208965624583544,3.666819600019939,-8.383680960000977
ADANIPOWER,2024-11-27,523.0499877929688,,,,,,,,507.1499938964844,513.2000122070312,4.9421732576974255,-3.039861249892207,-1.8831805402577073
SUNDRMFAST,2024-11-28,1162.5999755859375,,,,,,,,1073.9000244140625,1044.199951171875,-1.995523108469229,-7.629447190309049,-10.184072501325334
TIINDIA,2024-11-28,3578.89990234375,,,,,,,,3589.5,3322.10009765625,1.1525888157136277,0.2961831273712966,-7.175383824491066
ADANIGREEN,2024-11-28,1087.199951171875,,,,,,,,1054.0,997.5499877929688,20.750561790688028,-3.053711613589507,-8.245949908503402
JYOTHYLAB,2024-11-28,420.54998779296875,,,,,,,,389.79998779296875,398.3999938964844,-2.0568289496045957,-7.311853737382064,-5.266911078211356
ADANIENSOL,2024-11-28,726.8499755859375,,,,,,,,805.9500122070312,748.3499755859375,10.318497973332125,10.882580900870035,2.9579694190218757
SUNDARMFIN,2024-12-02,4023.550048828125,,,,,,,,4143.7001953125,4617.0,3.527977767126781,2.9861725348580963,14.749411439400875
BAJAJ-AUTO,2024-12-06,9099.900390625,,,,,,,,8965.7001953125,8847.7998046875,-0.33023198013199406,-1.474743563685128,-2.77036643387022
BRITANNIA,2024-12-11,4889.5,,,,,,,,4926.2998046875,5129.64990234375,-0.8794355251048165,0.7526291990489825,4.911543150501074
AUROPHARMA,2024-12-16,1244.699951171875,,,,,,,,1174.5,1171.9000244140625,-0.2410219424509115,-5.6399095304681515,-5.848793252484018
HONAUT,2024-12-19,40884.6015625,,,,,,,,40597.0,40472.25,0.2968052802581351,-0.7034471451564608,-1.008574247371938
BASF,2024-12-20,5699.85009765625,,,,,,,,4990.0,4614.5498046875,-0.9824819783072352,-12.453838004408867,-19.040856765952846
ARVINDFASN,2024-12-20,522.2000122070312,,,,,,,,505.0,482.1000061035156,0.526618141653688,-3.2937594417772895,-7.679051161649071
NETWORK18,2024-12-20,74.33999633789062,,,,,,,,56.43000030517578,52.68000030517578,-1.1702921173592646,-24.09200553536513,-29.136396421471012
INDUSINDBK,2024-12-23,945.7000122070312,,,,,,,,960.4500122070312,991.2000122070312,0.8142129753241004,1.5596912138741679,4.811250863137264
BRITANNIA,2024-12-24,4744.10009765625,,,,,,,,4956.7001953125,5129.64990234375,0.5311799184781014,4.481357755526318,8.126932331760347
TATATECH,2024-12-24,908.5,,,,,,,,798.9000244140625,787.5999755859375,-1.0621931110690699,-12.063838809679417,-13.307652659775728
AIAENG,2024-12-24,3408.0,,,,,,,,3589.449951171875,3680.60009765625,0.36678403755868544,5.324235656451731,7.998829156580106
ICICIPRULI,2024-12-24,661.5499877929688,,,,,,,,598.0499877929688,616.0,-0.816259312001705,-9.59866996775945,-6.885343304884704
GODFRYPHLP,2024-12-26,5511.0,,,,,,,,4346.35009765625,4517.39990234375,-5.140624291190346,-21.133186397092178,-18.029397525970786
DMART,2024-12-26,3511.64990234375,,,,,,,,3579.949951171875,3664.64990234375,1.4295330317237867,1.9449560954963105,4.356926352421537
SBILIFE,2024-12-26,1409.050048828125,,,,,,,,1440.4000244140625,1483.5999755859375,-1.3235885006053052,2.2249014938830998,5.290793383798821
ESCORTS,2024-12-27,3258.39990234375,,,,,,,,3466.300048828125,3623.449951171875,1.2598223072188872,6.380436800738716,11.203353172382139
FINPIPE,2024-12-27,256.04998779296875,,,,,,,,208.8000030517578,205.1999969482422,-2.8314724025970155,-18.453421985481715,-19.85939983166167
CANFINHOME,2024-12-27,750.5499877929688,,,,,,,,682.7000122070312,667.7000122070312,-2.6913613397597187,-9.040034200180841,-11.038568640785961
INDUSINDBK,2024-12-27,953.4000244140625,,,,,,,,950.7999877929688,991.2000122070312,1.6782042784017368,-0.2727120363450454,3.9647563273558486
JYOTHYLAB,2024-12-27,389.79998779296875,,,,,,,,368.54998779296875,398.3999938964844,2.8604476047301777,-5.451513767436631,2.2062612552166816
SONACOMS,2024-12-27,600.3499755859375,,,,,,,,525.0499877929688,504.29998779296875,-1.4491465854369205,-12.542681911409503,-15.998999200295563
PGHH,2024-12-30,14984.400390625,,,,,,,,14156.75,14500.599609375,-2.0047541629556678,-5.523413477010532,-3.228696301739843
BERGEPAINT,2024-12-30,448.25,,,,,,,,472.75,472.75,2.141663380594674,5.465699944227551,5.465699944227551
KSB,2024-12-31,768.2999877929688,,,,,,,,688.4000244140625,702.5499877929688,-0.1561905799944661,-10.399578894752844,-8.557855140525843
ONGC,2024-12-31,239.25,,,,,,,,251.39999389648438,262.6099853515625,8.20899253853187,5.0783673548524035,9.763839227403343
GESHIP,2024-12-31,962.0,,,,,,,,931.25,984.0,2.359668628589527,-3.1964656964656966,2.2869022869022873
TIMKEN,2024-12-31,3121.800048828125,,,,,,,,2860.25,2857.800048828125,-3.867960731352018,-8.37818068861607,-8.456659487179568
GODREJCP,2024-12-31,1082.050048828125,,,,,,,,1118.1500244140625,1121.25,3.1976317198460222,3.3362574702560446,3.6227484314916008
OIL,2024-12-31,430.75,,,,,,,,407.54998779296875,420.45001220703125,11.68891610064205,-5.385957564023506,-2.3911753436955894
COALINDIA,2024-12-31,378.5630798339844,,,,,,,,373.93145751953125,395.8999938964844,2.4729871730638777,-1.2234743854272012,4.5796632017319165
BBTC,2025-01-01,2250.75,,,,,,,,2106.449951171875,2118.14990234375,-7.148723862879041,-6.411198437326447,-5.891373882317005
ALKYLAMINE,2025-01-01,1810.199951171875,,,,,,,,1701.199951171875,1699.75,-4.286817902944995,-6.021434258101506,-6.101533209100611
LINDEINDIA,2025-01-01,6079.5,,,,,,,,6198.2001953125,6267.85009765625,8.951397241755078,1.952466408627354,3.0981182277531047
ENDURANCE,2025-01-01,2262.949951171875,,,,,,,,1981.5999755859375,1989.449951171875,-7.9961976657137095,-12.432885466169486,-12.085994206737416
HEROMOTOCO,2025-01-02,4311.5,,,,,,,,4339.14990234375,4339.14990234375,-3.466315558680274,0.6413058644033399,0.6413058644033399
PIDILITIND,2025-01-02,2926.64990234375,,,,,,,,2871.699951171875,2871.699951171875,0.032466996197223826,-1.877571728954304,-1.877571728954304
SUNDRMFAST,2025-01-02,1061.8499755859375,,,,,,,,1044.199951171875,1044.199951171875,-0.4379172690093606,-1.6621956792270087,-1.6621956792270087
ABCAPITAL,2025-01-02,183.88999938964844,,,,,,,,179.38999938964844,179.38999938964844,-2.2078403241445095,-2.447115131293711,-2.447115131293711
TATATECH,2025-01-02,904.7999877929688,,,,,,,,787.5999755859375,787.5999755859375,-2.5806781499736613,-12.953140339105342,-12.953140339105342
NTPC,2025-01-02,335.3838806152344,,,,,,,,324.0,324.0,-2.7810638880808205,-3.3942837665160215,-3.3942837665160215
LTTS,2025-01-02,4795.9501953125,,,,,,,,5449.35009765625,5449.35009765625,1.6847507041768843,13.623992654935712,13.623992654935712
PGHH,2025-01-03,14684.0,,,,,,,,14500.599609375,14500.599609375,-0.2724053391446472,-1.2489811401865976,-1.2489811401865976
VESUVIUS,2025-01-03,4605.4501953125,,,,,,,,4283.4501953125,4283.4501953125,-4.3014274230536556,-6.991716039568438,-6.991716039568438
HFCL,2025-01-07,109.1500015258789,,,,,,,,98.02999877929688,98.02999877929688,-7.952359307221629,-10.187817307492693,-10.187817307492693
NCC,2025-01-07,272.8999938964844,,,,,,,,252.3000030517578,252.3000030517578,-8.006592646907364,-7.548549397381259,-7.548549397381259
ACC,2025-01-07,2018.75,,,,,,,,2007.6500244140625,2007.6500244140625,-4.344270027089784,-0.5498439918730651,-0.5498439918730651
GNFC,2025-01-07,554.4500122070312,,,,,,,,554.4500122070312,554.4500122070312,-1.451887026014329,0.0,0.0
DHANUKA,2025-01-07,1432.300048828125,,,,,,,,1443.5999755859375,1443.5999755859375,-3.5816551755407344,0.7889357238420707,0.7889357238420707
CANFINHOME,2025-01-07,714.7999877929688,,,,,,,,667.7000122070312,667.7000122070312,-4.959431003417815,-6.589252432888864,-6.589252432888864
VESUVIUS,2025-01-07,4473.2001953125,,,,,,,,4283.4501953125,4283.4501953125,-6.563535831995977,-4.241929529531015,-4.241929529531015
NMDC,2025-01-07,65.97000122070312,,,,,,,,66.0999984741211,66.0999984741211,-4.441413143791591,0.19705510233820064,0.19705510233820064
TATATECH,2025-01-07,881.4500122070312,,,,,,,,787.5999755859375,787.5999755859375,-5.366156575860269,-10.647233004865017,-10.647233004865017
HDFCLIFE,2025-01-07,619.8499755859375,,,,,,,,638.0499877929688,638.0499877929688,-1.8068809571683546,2.93619632554264,2.93619632554264
GALAXYSURF,2025-01-07,2499.14990234375,,,,,,,,2387.300048828125,2387.300048828125,-0.7782626865893266,-4.475515990886745,-4.475515990886745
BALAMINES,2025-01-07,1766.3499755859375,,,,,,,,1719.699951171875,1719.699951171875,1.7946654785483203,-2.641040850275872,-2.641040850275872
CYIENT,2025-01-07,1833.0,,,,,,,,1454.449951171875,1454.449951171875,-5.035463656744408,-20.65193937960311,-20.65193937960311
SONACOMS,2025-01-07,584.4500122070312,,,,,,,,504.29998779296875,504.29998779296875,-2.5494095479263033,-13.71375185901626,-13.71375185901626
EPIGRAL,2025-01-07,1843.9000244140625,,,,,,,,1846.4000244140625,1846.4000244140625,-5.388034832176328,0.1355821881283627,0.1355821881283627
SKFINDIA,2025-01-09,4388.5498046875,,,,,,,,4043.85009765625,4043.85009765625,-3.8600428360824455,-7.854524213512837,-7.854524213512837
BALAMINES,2025-01-09,1909.050048828125,,,,,,,,1719.699951171875,1719.699951171875,-10.227599853647352,-9.918550735350443,-9.918550735350443
SUVENPHAR,2025-01-09,1104.050048828125,,,,,,,,1054.75,1054.75,-4.438204595163979,-4.465381698995774,-4.465381698995774
ABFRL,2025-01-09,276.54998779296875,,,,,,,,273.8500061035156,273.8500061035156,-2.332302286804554,-0.9763087357191964,-0.9763087357191964
PRSMJOHNSN,2025-01-13,162.17999267578125,,,,,,,,141.07000732421875,141.07000732421875,-5.993332347317076,-13.016393084789495,-13.016393084789495
AXISBANK,2025-01-13,1049.300048828125,,,,,,,,986.0999755859375,986.0999755859375,-5.551325485995244,-6.023069694199514,-6.023069694199514
BALRAMCHIN,2025-01-14,497.0,,,,,,,,487.3500061035156,487.3500061035156,-0.191149337430835,-1.9416486713248238,-1.9416486713248238
SAIL,2025-01-14,105.87999725341797,,,,,,,,107.43000030517578,107.43000030517578,2.7767307495952376,1.4639243407307285,1.4639243407307285
IDBI,2025-01-14,77.9000015258789,,,,,,,,81.12000274658203,81.12000274658203,7.843389590078223,4.1335059789869435,4.1335059789869435
ELECTCAST,2025-01-14,125.88999938964844,,,,,,,,128.3000030517578,128.3000030517578,0.7625697745071196,1.9143726060797346,1.9143726060797346
HEROMOTOCO,2025-01-14,4102.64990234375,,,,,,,,4339.14990234375,4339.14990234375,-0.11333899929149736,5.764566941597746,5.764566941597746
HINDZINC,2025-01-14,436.04998779296875,,,,,,,,450.1499938964844,450.1499938964844,4.770099505293983,3.233575621657886,3.233575621657886
VEDL,2025-01-14,430.6000061035156,,,,,,,,441.3999938964844,441.3999938964844,5.445885127046603,2.5081253227786644,2.5081253227786644
PEL,2025-01-14,1026.050048828125,,,,,,,,1023.0999755859375,1023.0999755859375,0.5604015132173333,-0.287517479830233,-0.287517479830233
SURYAROSNI,2025-01-14,280.04998779296875,,,,,,,,262.45001220703125,262.45001220703125,-5.231206761313844,-6.2845835933221155,-6.2845835933221155
TATAPOWER,2025-01-14,356.95001220703125,,,,,,,,364.5,364.5,4.664516970748096,2.115138684626169,2.115138684626169
SUNDRMFAST,2025-01-14,1029.3499755859375,,,,,,,,1044.199951171875,1044.199951171875,3.283630410433048,1.4426556504734396,1.4426556504734396
ACC,2025-01-14,1946.25,,,,,,,,2007.6500244140625,2007.6500244140625,3.52729733662492,3.154786097061657,3.154786097061657
HINDALCO,2025-01-14,590.9000244140625,,,,,,,,594.2999877929688,594.2999877929688,4.416986716461602,0.5753872463074713,0.5753872463074713
TATASTEEL,2025-01-14,126.93000030517578,,,,,,,,134.6199951171875,134.6199951171875,2.639248771816549,6.05845331562498,6.05845331562498
GESHIP,2025-01-14,932.9500122070312,,,,,,,,984.0,984.0,2.057989383762457,5.471888860604916,5.471888860604916
SANDUMA,2025-01-14,387.0,,,,,,,,393.0,393.0,1.6666698209383073,1.550387596899225,1.550387596899225
DHANUKA,2025-01-14,1361.0,,,,,,,,1443.5999755859375,1443.5999755859375,5.022040821891072,6.069065068768369,6.069065068768369
NSLNISP,2025-01-14,40.84000015258789,,,,,,,,42.13999938964844,42.13999938964844,1.8854075780772972,3.1831518908017693,3.1831518908017693
TEJASNET,2025-01-14,1056.949951171875,,,,,,,,916.1500244140625,916.1500244140625,0.23180598470826588,-13.321342850879835,-13.321342850879835
NMDC,2025-01-14,63.36000061035156,,,,,,,,66.0999984741211,66.0999984741211,5.1609795005781045,4.324491536260937,4.324491536260937
BANDHANBNK,2025-01-14,147.94000244140625,,,,,,,,151.3800048828125,151.3800048828125,2.230636066850699,2.3252686120298747,2.3252686120298747
ADANIGREEN,2025-01-14,1006.8499755859375,,,,,,,,997.5499877929688,997.5499877929688,7.086455511350169,-0.9236716510378431,-0.9236716510378431
CONCOR,2025-01-14,761.75,,,,,,,,780.0999755859375,780.0999755859375,1.4046619241261897,2.408923608262225,2.408923608262225
CUB,2025-01-14,167.39999389648438,,,,,,,,173.72000122070312,173.72000122070312,2.9092058264876908,3.775392804450681,3.775392804450681
TIPSMUSIC,2025-01-14,694.573486328125,,,,,,,,643.6500244140625,643.6500244140625,-1.1677878841029423,-7.331616152420427,-7.331616152420427
IOB,2025-01-14,53.77000045776367,,,,,,,,51.0,51.0,-5.821091763936007,-5.151572315755338,-5.151572315755338
OLECTRA,2025-01-14,1435.949951171875,,,,,,,,1466.199951171875,1466.199951171875,-3.088546056200886,2.1066193828909605,2.1066193828909605
UCOBANK,2025-01-14,45.27000045776367,,,,,,,,43.5099983215332,43.5099983215332,-4.859732142022012,-3.8877890842358798,-3.8877890842358798
MAHABANK,2025-01-14,52.7400016784668,,,,,,,,51.290000915527344,51.290000915527344,-2.559731220807965,-2.7493377261902396,-2.7493377261902396
NTPC,2025-01-14,307.99749755859375,,,,,,,,324.0,324.0,5.074103821247977,5.195659889529433,5.195659889529433
YESBANK,2025-01-14,18.020000457763672,,,,,,,,19.229999542236328,19.229999542236328,1.3318521921277944,6.714756125055173,6.714756125055173
SUNTV,2025-01-14,658.0,,,,,,,,618.8499755859375,618.8499755859375,-1.3145933759973405,-5.949851734659954,-5.949851734659954
TORNTPOWER,2025-01-14,1378.0999755859375,,,,,,,,1463.449951171875,1463.449951171875,7.1765493190733425,6.193307967344575,6.193307967344575
PFC,2025-01-14,417.3999938964844,,,,,,,,422.5,422.5,3.8452368340300684,1.2218510249380674,1.2218510249380674
INDIANB,2025-01-14,505.79998779296875,,,,,,,,555.75,555.75,3.6872330692297735,9.875447491603442,9.875447491603442
CENTRALBK,2025-01-14,55.34000015258789,,,,,,,,52.04999923706055,52.04999923706055,-4.734367409939816,-5.9450684973904755,-5.9450684973904755
ADANIPOWER,2025-01-14,537.0,,,,,,,,513.2000122070312,513.2000122070312,2.662939998690643,-4.43202752196811,-4.43202752196811
COALINDIA,2025-01-14,363.8797912597656,,,,,,,,395.8999938964844,395.8999938964844,4.983070148284752,8.799665000868446,8.799665000868446
PSB,2025-01-14,48.09000015258789,,,,,,,,48.34000015258789,48.34000015258789,2.3081734390300883,0.5198585968117253,0.5198585968117253
NBCC,2025-01-14,84.11000061035156,,,,,,,,99.83000183105469,99.83000183105469,13.315892125750128,18.689812277528908,18.689812277528908
SONACOMS,2025-01-14,569.9000244140625,,,,,,,,504.29998779296875,504.29998779296875,0.8510221754989321,-11.510797299673715,-11.510797299673715
EPIGRAL,2025-01-14,1690.800048828125,,,,,,,,1846.4000244140625,1846.4000244140625,2.4781110204480044,9.202742553371827,9.202742553371827
SANSERA,2025-01-14,1381.949951171875,,,,,,,,1262.4000244140625,1262.4000244140625,-1.7873260280468026,-8.65081449993437,-8.65081449993437
BASF,2025-01-15,5015.2001953125,,,,,,,,4614.5498046875,4614.5498046875,-1.780592787745847,-7.988721786210476,-7.988721786210476
HDFCAMC,2025-01-15,4047.5,,,,,,,,3869.89990234375,3869.89990234375,-0.17541933678196417,-4.38789617433601,-4.38789617433601
POWERGRID,2025-01-15,298.6499938964844,,,,,,,,301.6499938964844,301.6499938964844,2.5447869609365794,1.0045203620663175,1.0045203620663175
JSWENERGY,2025-01-15,561.5,,,,,,,,508.6000061035156,508.6000061035156,3.1611754229741766,-9.421192145411286,-9.421192145411286
INOXWIND,2025-01-15,163.66000366210938,,,,,,,,168.58999633789062,168.58999633789062,3.2261998418366784,3.012338118945456,3.012338118945456
ABB,2025-01-16,6308.25,,,,,,,,5874.64990234375,5874.64990234375,-0.4288004547616217,-6.873540168133001,-6.873540168133001
ARE&M,2025-01-16,1071.550048828125,,,,,,,,1034.6500244140625,1034.6500244140625,2.1604126068649183,-3.443611845701218,-3.443611845701218
ABREL,2025-01-16,2065.89990234375,,,,,,,,2153.35009765625,2153.35009765625,-4.29352608377809,4.233031581699013,4.233031581699013
HFCL,2025-01-16,102.33999633789062,,,,,,,,98.02999877929688,98.02999877929688,-0.7426172894580759,-4.211449787787422,-4.211449787787422
MFSL,2025-01-16,1063.1500244140625,,,,,,,,1115.75,1115.75,-0.9453086203580645,4.947559081788772,4.947559081788772
PRSMJOHNSN,2025-01-16,148.55999755859375,,,,,,,,141.07000732421875,141.07000732421875,-0.7673663222825571,-5.041727488869178,-5.041727488869178
TATAELXSI,2025-01-16,6184.25,,,,,,,,6336.0,6336.0,-0.48995116121599225,2.453814124590694,2.453814124590694
BHARATFORG,2025-01-16,1205.25,,,,,,,,1224.050048828125,1224.050048828125,-0.2986911915318399,1.5598464076436425,1.5598464076436425
SIEMENS,2025-01-16,5997.66748046875,,,,,,,,6073.35009765625,6073.35009765625,-1.4384172623097375,1.2618675082264645,1.2618675082264645
MSUMI,2025-01-16,56.7599983215332,,,,,,,,56.130001068115234,56.130001068115234,-1.1275535739500526,-1.1099317689355266,-1.1099317689355266
HINDCOPPER,2025-01-16,231.3000030517578,,,,,,,,238.97999572753906,238.97999572753906,5.373969957535971,3.3203599543674476,3.3203599543674476
3MINDIA,2025-01-16,30478.150390625,,,,,,,,29892.25,29892.25,-5.371387660973573,-1.9223620302274689,-1.9223620302274689
JIOFIN,2025-01-16,276.79998779296875,,,,,,,,241.64999389648438,241.64999389648438,-6.033230645206458,-12.698697776957507,-12.698697776957507
BLUEDART,2025-01-16,6403.2001953125,,,,,,,,6580.0,6580.0,2.095044637866472,2.761116305826692,2.761116305826692
INOXINDIA,2025-01-16,1043.699951171875,,,,,,,,916.5,916.5,-3.0564304753572813,-12.187406067141598,-12.187406067141598
HDFCLIFE,2025-01-16,641.4000244140625,,,,,,,,638.0499877929688,638.0499877929688,-2.712819418732939,-0.5223006694073804,-0.5223006694073804
HAL,2025-01-16,3918.75,,,,,,,,3936.800048828125,3936.800048828125,3.369698215709729,0.46060730661881977,0.46060730661881977
SUVENPHAR,2025-01-16,1070.4000244140625,,,,,,,,1054.75,1054.75,-1.560171231435568,-1.4620725015985805,-1.4620725015985805
AXISBANK,2025-01-16,1038.0,,,,,,,,986.0999755859375,986.0999755859375,-6.53179073149988,-5.000002352029142,-5.000002352029142
JSL,2025-01-16,625.4000244140625,,,,,,,,653.2999877929688,653.2999877929688,1.2232112376512143,4.461138837505761,4.461138837505761
LXCHEM,2025-01-16,227.92999267578125,,,,,,,,217.27000427246094,217.27000427246094,0.14039719848275695,-4.676869541466446,-4.676869541466446
GRINFRA,2025-01-16,1326.9000244140625,,,,,,,,1280.0999755859375,1280.0999755859375,-1.7220570627412324,-3.5270214761501073,-3.5270214761501073
PILANIINVS,2025-01-16,4863.85009765625,,,,,,,,4587.64990234375,4587.64990234375,0.18298060518021736,-5.678632971143435,-5.678632971143435
HDFCBANK,2025-01-20,1651.25,,,,,,,,1698.75,1698.75,-0.08780930639666919,2.8766086298258897,2.8766086298258897
KTKBANK,2025-01-20,192.08999633789062,,,,,,,,191.67999267578125,191.67999267578125,-2.4832053228224114,-0.213443526433396,-0.213443526433396
RUSTOMJEE,2025-01-21,632.0999755859375,,,,,,,,580.7000122070312,580.7000122070312,-5.260243835506916,-8.13161926343377,-8.13161926343377
HEROMOTOCO,2025-01-22,4055.699951171875,,,,,,,,4339.14990234375,4339.14990234375,-0.9801020903559304,6.988928041631223,6.988928041631223
ABREL,2025-01-23,1937.0,,,,,,,,2153.35009765625,2153.35009765625,-1.732062407234125,11.16933906330666,11.16933906330666
RAMCOCEM,2025-01-23,908.5499877929688,,,,,,,,917.5,917.5,-0.15959630471776134,0.9850874830533473,0.9850874830533473
BOSCHLTD,2025-01-23,30990.5,,,,,,,,28729.150390625,28729.150390625,-3.851016339684742,-7.296912309820751,-7.296912309820751
FINPIPE,2025-01-23,211.0500030517578,,,,,,,,205.1999969482422,205.1999969482422,-5.23572750152859,-2.771857862556378,-2.771857862556378
KIRLPNU,2025-01-23,1283.0,,,,,,,,1133.300048828125,1133.300048828125,-21.032733872637372,-11.667961899600545,-11.667961899600545
BAYERCROP,2025-01-23,5117.10009765625,,,,,,,,5115.89990234375,5115.89990234375,-6.197844409747074,-0.023454599081415606,-0.023454599081415606
DEEPAKNTR,2025-01-23,2369.300048828125,,,,,,,,2325.60009765625,2325.60009765625,-7.4051385453967296,-1.8444245250190812,-1.8444245250190812
MSUMI,2025-01-23,56.04999923706055,,,,,,,,56.130001068115234,56.130001068115234,-3.9072232944134386,0.14273297438653645,0.14273297438653645
MASTEK,2025-01-23,2700.949951171875,,,,,,,,2593.300048828125,2593.300048828125,-9.085688619934519,-3.9856311405194087,-3.9856311405194087
FIRSTCRY,2025-01-23,480.6000061035156,,,,,,,,477.8999938964844,477.8999938964844,-6.856015769574128,-0.5618002856308119,-0.5618002856308119
SONATSOFTW,2025-01-23,591.0999755859375,,,,,,,,529.0,529.0,-13.508708997455956,-10.50583287951922,-10.50583287951922
TIPSMUSIC,2025-01-23,681.4861450195312,,,,,,,,643.6500244140625,643.6500244140625,-9.631328518309441,-5.5520014430204405,-5.5520014430204405
COFORGE,2025-01-23,9176.47265625,,,,,,,,8263.849609375,8263.849609375,-7.5860822747711225,-9.945248910575916,-9.945248910575916
SUNTV,2025-01-23,652.75,,,,,,,,618.8499755859375,618.8499755859375,-3.975490188744734,-5.193416225823439,-5.193416225823439
SONACOMS,2025-01-23,542.5999755859375,,,,,,,,504.29998779296875,504.29998779296875,-8.367114895255973,-7.058604776310529,-7.058604776310529
CMSINFO,2025-01-23,438.75,,,,,,,,433.3500061035156,433.3500061035156,-4.2621110443376065,-1.2307678396545583,-1.2307678396545583
CROMPTON,2025-01-23,351.1499938964844,,,,,,,,343.3999938964844,343.3999938964844,-2.363658817381471,-2.2070340694024404,-2.2070340694024404
HNDFDS,2025-01-24,486.54998779296875,,,,,,,,506.79998779296875,506.79998779296875,1.3873189126195566,4.16195673785867,4.16195673785867
ARE&M,2025-01-28,1029.3499755859375,,,,,,,,1034.6500244140625,1034.6500244140625,0.5148927919396947,0.5148927919396947,0.5148927919396947
PEL,2025-01-28,950.1500244140625,,,,,,,,1023.0999755859375,1023.0999755859375,7.677729758188629,7.677729758188629,7.677729758188629
AADHARHFC,2025-01-28,391.1000061035156,,,,,,,,398.5,398.5,1.8920976172334187,1.8920976172334187,1.8920976172334187
BAJAJHFL,2025-01-28,111.16000366210938,,,,,,,,116.41000366210938,116.41000366210938,4.72292175876344,4.72292175876344,4.72292175876344
AXISBANK,2025-01-28,983.7999877929688,,,,,,,,986.0999755859375,986.0999755859375,0.23378611725016207,0.23378611725016207,0.23378611725016207
KTKBANK,2025-01-28,184.30999755859375,,,,,,,,191.67999267578125,191.67999267578125,3.9986952497487365,3.9986952497487365,3.9986952497487365
CROMPTON,2025-01-28,342.8500061035156,,,,,,,,343.3999938964844,343.3999938964844,0.1604164454361112,0.1604164454361112,0.1604164454361112
VBL,2025-01-28,539.3499755859375,,,,,,,,536.75,536.75,-0.4820572362338472,-0.4820572362338472,-0.4820572362338472
BASF,2025-01-29,4754.25,,,,,,,,4614.5498046875,4614.5498046875,-2.9384276239680287,-2.9384276239680287,-2.9384276239680287
EXIDEIND,2025-01-29,353.1000061035156,,,,,,,,374.5,374.5,6.060604227293812,6.060604227293812,6.060604227293812
ESABINDIA,2025-01-29,5170.35009765625,,,,,,,,5011.5,5011.5,-3.0723276887624626,-3.0723276887624626,-3.0723276887624626
EPL,2025-01-29,218.5500030517578,,,,,,,,228.35000610351562,228.35000610351562,4.484101082092843,4.484101082092843,4.484101082092843
GODREJIND,2025-01-29,876.0999755859375,,,,,,,,890.5499877929688,890.5499877929688,1.6493565357500497,1.6493565357500497,1.6493565357500497
KANSAINER,2025-01-29,237.4499969482422,,,,,,,,233.10000610351562,233.10000610351562,-1.8319607920124528,-1.8319607920124528,-1.8319607920124528
KSB,2025-01-29,688.4000244140625,,,,,,,,702.5499877929688,702.5499877929688,2.055485600970179,2.055485600970179,2.055485600970179
TRENT,2025-01-29,5597.14990234375,,,,,,,,5753.2001953125,5753.2001953125,2.788031331864196,2.788031331864196,2.788031331864196
NCC,2025-01-29,236.89999389648438,,,,,,,,252.3000030517578,252.3000030517578,6.5006372106546415,6.5006372106546415,6.5006372106546415
PRSMJOHNSN,2025-01-29,138.07000732421875,,,,,,,,141.07000732421875,141.07000732421875,2.1728107777638774,2.1728107777638774,2.1728107777638774
JINDALSAW,2025-01-29,246.8000030517578,,,,,,,,250.0500030517578,250.0500030517578,1.3168557373633518,1.3168557373633518,1.3168557373633518
CUMMINSIND,2025-01-29,2848.89990234375,,,,,,,,2914.050048828125,2914.050048828125,2.2868527753739922,2.2868527753739922,2.2868527753739922
VOLTAS,2025-01-29,1474.0999755859375,,,,,,,,1260.8499755859375,1260.8499755859375,-14.466454347184667,-14.466454347184667,-14.466454347184667
GRWRHITECH,2025-01-29,3647.050048828125,,,,,,,,3631.64990234375,3631.64990234375,-0.42226309697404335,-0.42226309697404335,-0.42226309697404335
SANOFI,2025-01-29,5431.14990234375,,,,,,,,5525.14990234375,5525.14990234375,1.7307568689907709,1.7307568689907709,1.7307568689907709
CASTROLIND,2025-01-29,175.49000549316406,,,,,,,,177.3800048828125,177.3800048828125,1.0769840620479434,1.0769840620479434,1.0769840620479434
FINPIPE,2025-01-29,204.8000030517578,,,,,,,,205.1999969482422,205.1999969482422,0.19530951685742265,0.19530951685742265,0.19530951685742265
TATAINVEST,2025-01-29,5928.2998046875,,,,,,,,6025.35009765625,6025.35009765625,1.6370678974773247,1.6370678974773247,1.6370678974773247
GMMPFAUDLR,2025-01-29,1167.300048828125,,,,,,,,1189.75,1189.75,1.9232374053623091,1.9232374053623091,1.9232374053623091
KIRLPNU,2025-01-29,1105.0,,,,,,,,1133.300048828125,1133.300048828125,2.5610903916855206,2.5610903916855206,2.5610903916855206
GABRIEL,2025-01-29,420.0,,,,,,,,460.5,460.5,9.642857142857144,9.642857142857144,9.642857142857144
GRINDWELL,2025-01-29,1847.8499755859375,,,,,,,,1927.449951171875,1927.449951171875,4.30770769476007,4.30770769476007,4.30770769476007
BAYERCROP,2025-01-29,5008.2998046875,,,,,,,,5115.89990234375,5115.89990234375,2.1484356338959993,2.1484356338959993,2.1484356338959993
DEEPAKNTR,2025-01-29,2276.85009765625,,,,,,,,2325.60009765625,2325.60009765625,2.1411159237133095,2.1411159237133095,2.1411159237133095
GRAPHITE,2025-01-29,472.29998779296875,,,,,,,,475.8999938964844,475.8999938964844,0.7622287098372056,0.7622287098372056,0.7622287098372056
SUPREMEIND,2025-01-29,3819.60009765625,,,,,,,,3968.800048828125,3968.800048828125,3.9061668069237347,3.9061668069237347,3.9061668069237347
MANYAVAR,2025-01-29,1110.050048828125,,,,,,,,933.7999877929688,933.7999877929688,-15.877667968324733,-15.877667968324733,-15.877667968324733
ETHOSLTD,2025-01-29,2419.85009765625,,,,,,,,2431.35009765625,2431.35009765625,0.47523604917256423,0.47523604917256423,0.47523604917256423
ASAHIINDIA,2025-01-29,636.5,,,,,,,,676.4000244140625,676.4000244140625,6.268660552091516,6.268660552091516,6.268660552091516
SYRMA,2025-01-29,505.1000061035156,,,,,,,,532.0499877929688,532.0499877929688,5.335573423835986,5.335573423835986,5.335573423835986
BIKAJI,2025-01-29,668.2999877929688,,,,,,,,691.0,691.0,3.396680027183158,3.396680027183158,3.396680027183158
CCL,2025-01-29,624.3499755859375,,,,,,,,621.7000122070312,621.7000122070312,-0.4244355701975199,-0.4244355701975199,-0.4244355701975199
TVSHLTD,2025-01-29,9506.349609375,,,,,,,,9362.650390625,9362.650390625,-1.5116130234499927,-1.5116130234499927,-1.5116130234499927
RATNAMANI,2025-01-29,2894.89990234375,,,,,,,,2858.60009765625,2858.60009765625,-1.2539226195044322,-1.2539226195044322,-1.2539226195044322
VESUVIUS,2025-01-29,4094.75,,,,,,,,4283.4501953125,4283.4501953125,4.60834471732096,4.60834471732096,4.60834471732096
TRIDENT,2025-01-29,30.219999313354492,,,,,,,,31.100000381469727,31.100000381469727,2.9119824226016906,2.9119824226016906,2.9119824226016906
PIIND,2025-01-29,3425.199951171875,,,,,,,,3483.75,3483.75,1.7093906826692868,1.7093906826692868,1.7093906826692868
MASTEK,2025-01-29,2496.199951171875,,,,,,,,2593.300048828125,2593.300048828125,3.8899166555413576,3.8899166555413576,3.8899166555413576
RRKABEL,2025-01-29,1245.4000244140625,,,,,,,,1226.0,1226.0,-1.5577343852381769,-1.5577343852381769,-1.5577343852381769
NUVAMA,2025-01-29,5514.2001953125,,,,,,,,5595.25,5595.25,1.4698379060738247,1.4698379060738247,1.4698379060738247
JSWINFRA,2025-01-29,276.6499938964844,,,,,,,,275.0,275.0,-0.5964192781084109,-0.5964192781084109,-0.5964192781084109
TATATECH,2025-01-29,781.4000244140625,,,,,,,,787.5999755859375,787.5999755859375,0.7934413844591405,0.7934413844591405,0.7934413844591405
GALAXYSURF,2025-01-29,2351.89990234375,,,,,,,,2387.300048828125,2387.300048828125,1.5051723268110824,1.5051723268110824,1.5051723268110824
HDFCAMC,2025-01-29,3785.699951171875,,,,,,,,3869.89990234375,3869.89990234375,2.2241580753332193,2.2241580753332193,2.2241580753332193
BALAMINES,2025-01-29,1656.75,,,,,,,,1719.699951171875,1719.699951171875,3.7996047183869024,3.7996047183869024,3.7996047183869024
IXIGO,2025-01-29,141.91000366210938,,,,,,,,150.00999450683594,150.00999450683594,5.707836400323692,5.707836400323692,5.707836400323692
BALUFORGE,2025-01-29,596.5499877929688,,,,,,,,607.9000244140625,607.9000244140625,1.9026128326789529,1.9026128326789529,1.9026128326789529
BANSALWIRE,2025-01-29,397.6499938964844,,,,,,,,415.79998779296875,415.79998779296875,4.564313887858163,4.564313887858163,4.564313887858163
FIRSTCRY,2025-01-29,463.75,,,,,,,,477.8999938964844,477.8999938964844,3.051211621883423,3.051211621883423,3.051211621883423
CHALET,2025-01-29,764.4000244140625,,,,,,,,770.9500122070312,770.9500122070312,0.8568795897134526,0.8568795897134526,0.8568795897134526
RAYMONDLSL,2025-01-29,1711.449951171875,,,,,,,,1478.0999755859375,1478.0999755859375,-13.634636258346708,-13.634636258346708,-13.634636258346708
METROPOLIS,2025-01-29,1791.449951171875,,,,,,,,1796.9000244140625,1796.9000244140625,0.30422693297249753,0.30422693297249753,0.30422693297249753
AFFLE,2025-01-29,1502.0,,,,,,,,1507.949951171875,1507.949951171875,0.3961352311501331,0.3961352311501331,0.3961352311501331
IIFLCAPS,2025-01-29,243.75,,,,,,,,254.14999389648438,254.14999389648438,4.266664162660256,4.266664162660256,4.266664162660256
FLUOROCHEM,2025-01-29,3536.89990234375,,,,,,,,3577.550048828125,3577.550048828125,1.1493157173443873,1.1493157173443873,1.1493157173443873
SUVENPHAR,2025-01-29,1015.3499755859375,,,,,,,,1054.75,1054.75,3.8804378156729222,3.8804378156729222,3.8804378156729222
IKS,2025-01-29,1743.75,,,,,,,,1761.1500244140625,1761.1500244140625,0.9978508624551972,0.9978508624551972,0.9978508624551972
CAMS,2025-01-29,3944.89990234375,,,,,,,,3603.5,3603.5,-8.654209505820845,-8.654209505820845,-8.654209505820845
ANGELONE,2025-01-29,2296.550048828125,,,,,,,,2346.10009765625,2346.10009765625,2.1575862826681793,2.1575862826681793,2.1575862826681793
SONATSOFTW,2025-01-29,532.8499755859375,,,,,,,,529.0,529.0,-0.7225252439401829,-0.7225252439401829,-0.7225252439401829
MAHLIFE,2025-01-29,404.0,,,,,,,,418.1499938964844,418.1499938964844,3.502473736753558,3.502473736753558,3.502473736753558
STLTECH,2025-01-29,103.86000061035156,,,,,,,,108.66000366210938,108.66000366210938,4.62160891926608,4.62160891926608,4.62160891926608
CERA,2025-01-29,6607.35009765625,,,,,,,,6688.2001953125,6688.2001953125,1.2236387729012426,1.2236387729012426,1.2236387729012426
OFSS,2025-01-29,9536.5,,,,,,,,9122.0498046875,9122.0498046875,-4.345936090940072,-4.345936090940072,-4.345936090940072
SUZLON,2025-01-29,52.77000045776367,,,,,,,,58.16999816894531,58.16999816894531,10.23308255512281,10.23308255512281,10.23308255512281
SUNTV,2025-01-29,635.9000244140625,,,,,,,,618.8499755859375,618.8499755859375,-2.6812467641962163,-2.6812467641962163,-2.6812467641962163
GPIL,2025-01-29,177.35000610351562,,,,,,,,180.22999572753906,180.22999572753906,1.623901621036565,1.623901621036565,1.623901621036565
VOLTAMP,2025-01-29,7826.5,,,,,,,,8358.150390625,8358.150390625,6.792952029962307,6.792952029962307,6.792952029962307
AHLUCONT,2025-01-29,821.4000244140625,,,,,,,,856.25,856.25,4.242753171427939,4.242753171427939,4.242753171427939
FORTIS,2025-01-29,628.5499877929688,,,,,,,,640.2000122070312,640.2000122070312,1.853476197648066,1.853476197648066,1.853476197648066
TIMETECHNO,2025-01-29,387.8500061035156,,,,,,,,400.54998779296875,400.54998779296875,3.2744570038922602,3.2744570038922602,3.2744570038922602
ECLERX,2025-01-29,3133.050048828125,,,,,,,,3058.14990234375,3058.14990234375,-2.390646345161016,-2.390646345161016,-2.390646345161016
BRIGADE,2025-01-29,1093.050048828125,,,,,,,,1171.050048828125,1171.050048828125,7.135995289842853,7.135995289842853,7.135995289842853
ZFCVINDIA,2025-01-29,10768.2998046875,,,,,,,,11034.0,11034.0,2.4674294004782373,2.4674294004782373,2.4674294004782373
MHRIL,2025-01-29,321.25,,,,,,,,339.45001220703125,339.45001220703125,5.665373449659533,5.665373449659533,5.665373449659533
GPPL,2025-01-29,150.4199981689453,,,,,,,,151.75999450683594,151.75999450683594,0.8908365604323424,0.8908365604323424,0.8908365604323424
WABAG,2025-01-29,1339.300048828125,,,,,,,,1372.3499755859375,1372.3499755859375,2.467701452466225,2.467701452466225,2.467701452466225
PRESTIGE,2025-01-29,1318.4000244140625,,,,,,,,1359.5,1359.5,3.117413139020806,3.117413139020806,3.117413139020806
TDPOWERSYS,2025-01-29,360.6499938964844,,,,,,,,367.75,367.75,1.9686694090319339,1.9686694090319339,1.9686694090319339
VMART,2025-01-29,3033.949951171875,,,,,,,,3210.199951171875,3210.199951171875,5.809258650819957,5.809258650819957,5.809258650819957
IWEL,2025-01-29,8494.0,,,,,,,,9364.599609375,9364.599609375,10.249583345596893,10.249583345596893,10.249583345596893
SANSERA,2025-01-29,1262.0,,,,,,,,1262.4000244140625,1262.4000244140625,0.03169765563094295,0.03169765563094295,0.03169765563094295
INOXWIND,2025-01-29,161.5,,,,,,,,168.58999633789062,168.58999633789062,4.390090611696981,4.390090611696981,4.390090611696981
INFIBEAM,2025-01-29,22.399999618530273,,,,,,,,22.719999313354492,22.719999313354492,1.4285700905079517,1.4285700905079517,1.4285700905079517
PILANIINVS,2025-01-29,4588.7001953125,,,,,,,,4587.64990234375,4587.64990234375,-0.0228886814140289,-0.0228886814140289,-0.0228886814140289
DBL,2025-01-29,404.1000061035156,,,,,,,,434.6000061035156,434.6000061035156,7.54763660958397,7.54763660958397,7.54763660958397
INGERRAND,2025-01-30,3620.10009765625,,,,,,,,3742.14990234375,3742.14990234375,3.3714483410698595,3.3714483410698595,3.3714483410698595
SPLPETRO,2025-01-30,603.9000244140625,,,,,,,,612.5,612.5,1.4240727336087917,1.4240727336087917,1.4240727336087917
APOLLOTYRE,2025-01-30,432.79998779296875,,,,,,,,437.29998779296875,437.29998779296875,1.0397412492887106,1.0397412492887106,1.0397412492887106
RUSTOMJEE,2025-01-30,587.9000244140625,,,,,,,,580.7000122070312,580.7000122070312,-1.224700103424426,-1.224700103424426,-1.224700103424426
NETWEB,2025-01-30,1727.8499755859375,,,,,,,,1794.050048828125,1794.050048828125,3.8313553941358913,3.8313553941358913,3.8313553941358913
POWERINDIA,2025-01-30,12277.5,,,,,,,,12863.5498046875,12863.5498046875,4.773364322439422,4.773364322439422,4.773364322439422
PURVA,2025-01-30,285.75,,,,,,,,292.8500061035156,292.8500061035156,2.4846915497867452,2.4846915497867452,2.4846915497867452
VGUARD,2025-01-30,364.3500061035156,,,,,,,,364.45001220703125,364.45001220703125,0.027447811675680944,0.027447811675680944,0.027447811675680944
IONEXCHANG,2025-01-31,581.6500244140625,,,,,,,,581.6500244140625,581.6500244140625,0.0,0.0,0.0
TMB,2025-01-31,438.0,,,,,,,,438.0,438.0,0.0,0.0,0.0
KPIL,2025-01-31,1058.6500244140625,,,,,,,,1058.6500244140625,1058.6500244140625,0.0,0.0,0.0
JIOFIN,2025-01-31,241.64999389648438,,,,,,,,241.64999389648438,241.64999389648438,0.0,0.0,0.0
TEJASNET,2025-01-31,916.1500244140625,,,,,,,,916.1500244140625,916.1500244140625,0.0,0.0,0.0
SHAREINDIA,2025-01-31,246.60000610351562,,,,,,,,246.60000610351562,246.60000610351562,0.0,0.0,0.0
PNGJL,2025-01-31,564.7999877929688,,,,,,,,564.7999877929688,564.7999877929688,0.0,0.0,0.0
HYUNDAI,2025-01-31,1677.550048828125,,,,,,,,1677.550048828125,1677.550048828125,0.0,0.0,0.0
CYIENT,2025-01-31,1454.449951171875,,,,,,,,1454.449951171875,1454.449951171875,0.0,0.0,0.0
KEC,2025-01-31,840.7999877929688,,,,,,,,840.7999877929688,840.7999877929688,0.0,0.0,0.0
JSWENERGY,2025-01-31,508.6000061035156,,,,,,,,508.6000061035156,508.6000061035156,0.0,0.0,0.0
GLAND,2025-01-31,1524.75,,,,,,,,1524.75,1524.75,0.0,0.0,0.0
KALYANKJIL,2025-01-31,503.1000061035156,,,,,,,,503.1000061035156,503.1000061035156,0.0,0.0,0.0
GRINFRA,2025-01-31,1280.0999755859375,,,,,,,,1280.0999755859375,1280.0999755859375,0.0,0.0,0.0
POWERMECH,2025-01-31,2154.0,,,,,,,,2154.0,2154.0,0.0,0.0,0.0
